segment_col,segment,n,churn_rate,fp_rate,fn_rate
Contract,Month-to-month,785,0.4318471337579618,0.42038216560509556,0.0267515923566879
Contract,One year,293,0.10580204778156997,0.13651877133105803,0.06825938566552901
Contract,Two year,331,0.012084592145015106,0.0,0.012084592145015106
InternetService,DSL,503,0.19681908548707752,0.24652087475149106,0.04572564612326044
InternetService,Fiber optic,613,0.4110929853181077,0.3523654159869494,0.01957585644371941
InternetService,No,293,0.07849829351535836,0.10238907849829351,0.034129692832764506
tenure_bucket,0-12,437,0.4759725400457666,0.37986270022883295,0.02517162471395881
tenure_bucket,12-24,205,0.32682926829268294,0.32682926829268294,0.03414634146341464
tenure_bucket,24-48,331,0.2054380664652568,0.24773413897280966,0.054380664652567974
tenure_bucket,48+,436,0.07110091743119266,0.12614678899082568,0.020642201834862386
PaymentMethod,Bank transfer (automatic),308,0.13636363636363635,0.19480519480519481,0.045454545454545456
PaymentMethod,Credit card (automatic),300,0.15,0.2,0.03
PaymentMethod,Electronic check,461,0.4685466377440347,0.368763557483731,0.015184381778741865
PaymentMethod,Mailed check,340,0.2088235294117647,0.23529411764705882,0.04411764705882353
